契約ID,契約部門,契約車両名,契約車両メーカー,契約者ID
CTR00001,営業2部,N-BOX,ホンダ,CST00001
CTR00002,営業1部,N-BOX,ホンダ,CST00002
CTR00003,営業3部,ヤリス,トヨタ,CST00003
CTR00004,営業3部,フィット,ホンダ,CST00004
CTR00005,営業2部,CX-5,マツダ,CST00005
CTR00006,営業2部,アクア,トヨタ,CST00006
CTR00007,営業1部,プロボックス,トヨタ,CST00007
CTR00008,営業2部,MAZDA3,マツダ,CST00008
CTR00009,営業2部,MAZDA3,マツダ,CST00009
CTR00010,営業1部,アクア,トヨタ,CST00010
CTR00011,営業1部,MAZDA3,マツダ,CST00011
CTR00012,営業3部,セレナ,日産,CST00012
CTR00013,営業3部,セレナ,日産,CST00013
CTR00014,営業3部,サクラ,日産,CST00014
CTR00015,営業1部,セレナ,日産,CST00015
CTR00016,営業1部,CX-5,マツダ,CST00016
CTR00017,営業3部,ノート,日産,CST00017
CTR00018,営業2部,アクア,トヨタ,CST00018
CTR00019,営業2部,MAZDA3,マツダ,CST00019
CTR00020,営業2部,ステップワゴン,ホンダ,CST00020
CTR00021,営業3部,セレナ,日産,CST00021
CTR00022,営業2部,プリウス,トヨタ,CST00022
CTR00023,営業2部,プリウス,トヨタ,CST00023
CTR00024,営業3部,ノート,日産,CST00024
CTR00025,営業1部,サクラ,日産,CST00025
CTR00026,営業3部,MAZDA3,マツダ,CST00026
CTR00027,営業3部,ノート,日産,CST00027
CTR00028,営業2部,プリウス,トヨタ,CST00028
CTR00029,営業1部,フィット,ホンダ,CST00029
CTR00030,営業1部,フィット,ホンダ,CST00030
CTR00031,営業3部,N-BOX,ホンダ,CST00031
CTR00032,営業3部,ステップワゴン,ホンダ,CST00032
CTR00033,営業2部,セレナ,日産,CST00033
CTR00034,営業2部,ヤリス,トヨタ,CST00034
CTR00035,営業1部,プリウス,トヨタ,CST00035
CTR00036,営業3部,MAZDA3,マツダ,CST00036
CTR00037,営業1部,CX-5,マツダ,CST00037
CTR00038,営業1部,MAZDA3,マツダ,CST00038
CTR00039,営業3部,フィット,ホンダ,CST00039
CTR00040,営業1部,プロボックス,トヨタ,CST00040
CTR00041,営業3部,プリウス,トヨタ,CST00041
CTR00042,営業3部,ステップワゴン,ホンダ,CST00042
CTR00043,営業2部,プロボックス,トヨタ,CST00043
CTR00044,営業1部,セレナ,日産,CST00044
CTR00045,営業2部,フィット,ホンダ,CST00045
CTR00046,営業3部,プリウス,トヨタ,CST00046
CTR00047,営業1部,ステップワゴン,ホンダ,CST00047
CTR00048,営業1部,アクア,トヨタ,CST00048
CTR00049,営業3部,プリウス,トヨタ,CST00049
CTR00050,営業1部,セレナ,日産,CST00050
CTR00051,営業3部,サクラ,日産,CST00051
CTR00052,営業1部,セレナ,日産,CST00052
CTR00053,営業1部,ノート,日産,CST00053
CTR00054,営業3部,N-BOX,ホンダ,CST00054
CTR00055,営業3部,ステップワゴン,ホンダ,CST00055
CTR00056,営業3部,MAZDA3,マツダ,CST00056
CTR00057,営業1部,MAZDA3,マツダ,CST00057
CTR00058,営業2部,MAZDA3,マツダ,CST00058
CTR00059,営業2部,サクラ,日産,CST00059
CTR00060,営業3部,プリウス,トヨタ,CST00060
CTR00061,営業2部,CX-5,マツダ,CST00061
CTR00062,営業2部,アクア,トヨタ,CST00062
CTR00063,営業1部,ステップワゴン,ホンダ,CST00063
CTR00064,営業2部,N-BOX,ホンダ,CST00064
CTR00065,営業2部,ステップワゴン,ホンダ,CST00065
CTR00066,営業1部,セレナ,日産,CST00066
CTR00067,営業1部,サクラ,日産,CST00067
CTR00068,営業1部,CX-5,マツダ,CST00068
CTR00069,営業1部,ノート,日産,CST00069
CTR00070,営業2部,N-BOX,ホンダ,CST00070
CTR00071,営業1部,プロボックス,トヨタ,CST00071
CTR00072,営業2部,ヤリス,トヨタ,CST00072
CTR00073,営業2部,MAZDA3,マツダ,CST00073
CTR00074,営業3部,MAZDA3,マツダ,CST00074
CTR00075,営業1部,プリウス,トヨタ,CST00075
CTR00076,営業1部,プロボックス,トヨタ,CST00076
CTR00077,営業1部,プリウス,トヨタ,CST00077
CTR00078,営業3部,フィット,ホンダ,CST00078
CTR00079,営業1部,MAZDA3,マツダ,CST00079
CTR00080,営業2部,セレナ,日産,CST00080
CTR00081,営業2部,ステップワゴン,ホンダ,CST00081
CTR00082,営業1部,ノート,日産,CST00082
CTR00083,営業1部,N-BOX,ホンダ,CST00083
CTR00084,営業2部,フィット,ホンダ,CST00084
CTR00085,営業1部,サクラ,日産,CST00085
CTR00086,営業1部,アクア,トヨタ,CST00086
CTR00087,営業3部,MAZDA3,マツダ,CST00087
CTR00088,営業3部,フィット,ホンダ,CST00088
CTR00089,営業1部,CX-5,マツダ,CST00089
CTR00090,営業1部,プリウス,トヨタ,CST00090
CTR00091,営業2部,ステップワゴン,ホンダ,CST00091
CTR00092,営業2部,N-BOX,ホンダ,CST00092
CTR00093,営業2部,セレナ,日産,CST00093
CTR00094,営業3部,ノート,日産,CST00094
CTR00095,営業2部,ヤリス,トヨタ,CST00095
CTR00096,営業1部,ノート,日産,CST00096
CTR00097,営業1部,ノート,日産,CST00097
CTR00098,営業3部,ノート,日産,CST00098
CTR00099,営業3部,MAZDA3,マツダ,CST00099
CTR00100,営業2部,N-BOX,ホンダ,CST00100
CTR00101,営業3部,セレナ,日産,CST00101
CTR00102,営業1部,フィット,ホンダ,CST00102
CTR00103,営業3部,N-BOX,ホンダ,CST00103
CTR00104,営業1部,CX-5,マツダ,CST00104
CTR00105,営業1部,CX-5,マツダ,CST00105
CTR00106,営業3部,CX-5,マツダ,CST00106
CTR00107,営業1部,フィット,ホンダ,CST00107
CTR00108,営業2部,サクラ,日産,CST00108
CTR00109,営業1部,ノート,日産,CST00109
CTR00110,営業3部,MAZDA3,マツダ,CST00110
CTR00111,営業3部,アクア,トヨタ,CST00111
CTR00112,営業2部,MAZDA3,マツダ,CST00112
CTR00113,営業2部,MAZDA3,マツダ,CST00113
CTR00114,営業1部,ノート,日産,CST00114
CTR00115,営業1部,MAZDA3,マツダ,CST00115
CTR00116,営業3部,サクラ,日産,CST00116
CTR00117,営業3部,ステップワゴン,ホンダ,CST00117
CTR00118,営業3部,アクア,トヨタ,CST00118
CTR00119,営業2部,フィット,ホンダ,CST00119
CTR00120,営業2部,ヤリス,トヨタ,CST00120
CTR00121,営業1部,ステップワゴン,ホンダ,CST00121
CTR00122,営業1部,MAZDA3,マツダ,CST00122
CTR00123,営業3部,サクラ,日産,CST00123
CTR00124,営業2部,アクア,トヨタ,CST00124
CTR00125,営業2部,ノート,日産,CST00125
CTR00126,営業2部,CX-5,マツダ,CST00126
CTR00127,営業2部,アクア,トヨタ,CST00127
CTR00128,営業1部,MAZDA3,マツダ,CST00128
CTR00129,営業1部,ヤリス,トヨタ,CST00129
CTR00130,営業1部,サクラ,日産,CST00130
CTR00131,営業3部,MAZDA3,マツダ,CST00131
CTR00132,営業3部,MAZDA3,マツダ,CST00132
CTR00133,営業2部,ノート,日産,CST00133
CTR00134,営業1部,ステップワゴン,ホンダ,CST00134
CTR00135,営業1部,ステップワゴン,ホンダ,CST00135
CTR00136,営業3部,フィット,ホンダ,CST00136
CTR00137,営業1部,MAZDA3,マツダ,CST00137
CTR00138,営業1部,フィット,ホンダ,CST00138
CTR00139,営業3部,ノート,日産,CST00139
CTR00140,営業3部,N-BOX,ホンダ,CST00140
CTR00141,営業2部,ノート,日産,CST00141
CTR00142,営業1部,プリウス,トヨタ,CST00142
CTR00143,営業2部,ノート,日産,CST00143
CTR00144,営業3部,CX-5,マツダ,CST00144
CTR00145,営業3部,ヤリス,トヨタ,CST00145
CTR00146,営業1部,セレナ,日産,CST00146
CTR00147,営業1部,フィット,ホンダ,CST00147
CTR00148,営業2部,N-BOX,ホンダ,CST00148
CTR00149,営業2部,ステップワゴン,ホンダ,CST00149
CTR00150,営業1部,サクラ,日産,CST00150
CTR00151,営業1部,ノート,日産,CST00151
CTR00152,営業1部,CX-5,マツダ,CST00152
CTR00153,営業3部,CX-5,マツダ,CST00153
CTR00154,営業3部,ノート,日産,CST00154
CTR00155,営業1部,CX-5,マツダ,CST00155
CTR00156,営業1部,MAZDA3,マツダ,CST00156
CTR00157,営業1部,CX-5,マツダ,CST00157
CTR00158,営業2部,MAZDA3,マツダ,CST00158
CTR00159,営業1部,ステップワゴン,ホンダ,CST00159
CTR00160,営業2部,サクラ,日産,CST00160
CTR00161,営業3部,セレナ,日産,CST00161
CTR00162,営業2部,MAZDA3,マツダ,CST00162
CTR00163,営業2部,アクア,トヨタ,CST00163
CTR00164,営業2部,ステップワゴン,ホンダ,CST00164
CTR00165,営業1部,MAZDA3,マツダ,CST00165
CTR00166,営業3部,プリウス,トヨタ,CST00166
CTR00167,営業3部,フィット,ホンダ,CST00167
CTR00168,営業2部,MAZDA3,マツダ,CST00168
CTR00169,営業3部,ノート,日産,CST00169
CTR00170,営業1部,MAZDA3,マツダ,CST00170
CTR00171,営業3部,MAZDA3,マツダ,CST00171
CTR00172,営業1部,MAZDA3,マツダ,CST00172
CTR00173,営業2部,N-BOX,ホンダ,CST00173
CTR00174,営業1部,プロボックス,トヨタ,CST00174
CTR00175,営業1部,ヤリス,トヨタ,CST00175
CTR00176,営業2部,MAZDA3,マツダ,CST00176
CTR00177,営業1部,サクラ,日産,CST00177
CTR00178,営業2部,プロボックス,トヨタ,CST00178
CTR00179,営業1部,MAZDA3,マツダ,CST00179
CTR00180,営業3部,ノート,日産,CST00180
CTR00181,営業2部,ノート,日産,CST00181
CTR00182,営業2部,プリウス,トヨタ,CST00182
CTR00183,営業1部,フィット,ホンダ,CST00183
CTR00184,営業3部,アクア,トヨタ,CST00184
CTR00185,営業3部,MAZDA3,マツダ,CST00185
CTR00186,営業3部,セレナ,日産,CST00186
CTR00187,営業2部,サクラ,日産,CST00187
CTR00188,営業2部,N-BOX,ホンダ,CST00188
CTR00189,営業2部,CX-5,マツダ,CST00189
CTR00190,営業1部,CX-5,マツダ,CST00190
CTR00191,営業2部,セレナ,日産,CST00191
CTR00192,営業2部,アクア,トヨタ,CST00192
CTR00193,営業2部,MAZDA3,マツダ,CST00193
CTR00194,営業3部,セレナ,日産,CST00194
CTR00195,営業2部,CX-5,マツダ,CST00195
CTR00196,営業1部,アクア,トヨタ,CST00196
CTR00197,営業3部,ステップワゴン,ホンダ,CST00197
CTR00198,営業2部,サクラ,日産,CST00198
CTR00199,営業2部,セレナ,日産,CST00199
CTR00200,営業1部,ヤリス,トヨタ,CST00200
CTR00201,営業1部,ヤリス,トヨタ,CST00201
CTR00202,営業2部,CX-5,マツダ,CST00202
CTR00203,営業2部,ヤリス,トヨタ,CST00203
CTR00204,営業3部,ノート,日産,CST00204
CTR00205,営業2部,フィット,ホンダ,CST00205
CTR00206,営業1部,プリウス,トヨタ,CST00206
CTR00207,営業2部,ノート,日産,CST00207
CTR00208,営業3部,CX-5,マツダ,CST00208
CTR00209,営業1部,CX-5,マツダ,CST00209
CTR00210,営業2部,ステップワゴン,ホンダ,CST00210
CTR00211,営業3部,プロボックス,トヨタ,CST00211
CTR00212,営業3部,ノート,日産,CST00212
CTR00213,営業3部,セレナ,日産,CST00213
CTR00214,営業3部,N-BOX,ホンダ,CST00214
CTR00215,営業2部,アクア,トヨタ,CST00215
CTR00216,営業2部,ノート,日産,CST00216
CTR00217,営業2部,サクラ,日産,CST00217
CTR00218,営業3部,アクア,トヨタ,CST00218
CTR00219,営業3部,アクア,トヨタ,CST00219
CTR00220,営業1部,アクア,トヨタ,CST00220
CTR00221,営業2部,プロボックス,トヨタ,CST00221
CTR00222,営業3部,サクラ,日産,CST00222
CTR00223,営業1部,MAZDA3,マツダ,CST00223
CTR00224,営業3部,MAZDA3,マツダ,CST00224
CTR00225,営業1部,CX-5,マツダ,CST00225
CTR00226,営業2部,フィット,ホンダ,CST00226
CTR00227,営業3部,ステップワゴン,ホンダ,CST00227
CTR00228,営業3部,プロボックス,トヨタ,CST00228
CTR00229,営業3部,ノート,日産,CST00229
CTR00230,営業2部,N-BOX,ホンダ,CST00230
CTR00231,営業1部,サクラ,日産,CST00231
CTR00232,営業1部,ヤリス,トヨタ,CST00232
CTR00233,営業2部,サクラ,日産,CST00233
CTR00234,営業1部,サクラ,日産,CST00234
CTR00235,営業3部,セレナ,日産,CST00235
CTR00236,営業3部,ヤリス,トヨタ,CST00236
CTR00237,営業1部,サクラ,日産,CST00237
CTR00238,営業1部,プリウス,トヨタ,CST00238
CTR00239,営業1部,セレナ,日産,CST00239
CTR00240,営業2部,プリウス,トヨタ,CST00240
CTR00241,営業1部,プリウス,トヨタ,CST00241
CTR00242,営業3部,フィット,ホンダ,CST00242
CTR00243,営業3部,フィット,ホンダ,CST00243
CTR00244,営業2部,ヤリス,トヨタ,CST00244
CTR00245,営業2部,MAZDA3,マツダ,CST00245
CTR00246,営業1部,CX-5,マツダ,CST00246
CTR00247,営業1部,プロボックス,トヨタ,CST00247
CTR00248,営業1部,セレナ,日産,CST00248
CTR00249,営業1部,ノート,日産,CST00249
CTR00250,営業1部,プロボックス,トヨタ,CST00250
CTR00251,営業1部,CX-5,マツダ,CST00251
CTR00252,営業1部,ヤリス,トヨタ,CST00252
CTR00253,営業2部,ヤリス,トヨタ,CST00253
CTR00254,営業3部,ノート,日産,CST00254
CTR00255,営業3部,ステップワゴン,ホンダ,CST00255
CTR00256,営業3部,ノート,日産,CST00256
CTR00257,営業3部,プロボックス,トヨタ,CST00257
CTR00258,営業3部,CX-5,マツダ,CST00258
CTR00259,営業1部,プロボックス,トヨタ,CST00259
CTR00260,営業1部,フィット,ホンダ,CST00260
CTR00261,営業3部,CX-5,マツダ,CST00261
CTR00262,営業1部,フィット,ホンダ,CST00262
CTR00263,営業1部,N-BOX,ホンダ,CST00263
CTR00264,営業1部,プロボックス,トヨタ,CST00264
CTR00265,営業3部,MAZDA3,マツダ,CST00265
CTR00266,営業3部,サクラ,日産,CST00266
CTR00267,営業3部,N-BOX,ホンダ,CST00267
CTR00268,営業3部,CX-5,マツダ,CST00268
CTR00269,営業1部,ノート,日産,CST00269
CTR00270,営業2部,セレナ,日産,CST00270
CTR00271,営業1部,サクラ,日産,CST00271
CTR00272,営業1部,フィット,ホンダ,CST00272
CTR00273,営業2部,サクラ,日産,CST00273
CTR00274,営業2部,フィット,ホンダ,CST00274
CTR00275,営業1部,MAZDA3,マツダ,CST00275
CTR00276,営業2部,プリウス,トヨタ,CST00276
CTR00277,営業3部,ステップワゴン,ホンダ,CST00277
CTR00278,営業1部,セレナ,日産,CST00278
CTR00279,営業3部,MAZDA3,マツダ,CST00279
CTR00280,営業2部,MAZDA3,マツダ,CST00280
CTR00281,営業3部,プリウス,トヨタ,CST00281
CTR00282,営業2部,MAZDA3,マツダ,CST00282
CTR00283,営業3部,ステップワゴン,ホンダ,CST00283
CTR00284,営業2部,プロボックス,トヨタ,CST00284
CTR00285,営業1部,フィット,ホンダ,CST00285
CTR00286,営業2部,CX-5,マツダ,CST00286
CTR00287,営業1部,MAZDA3,マツダ,CST00287
CTR00288,営業2部,セレナ,日産,CST00288
CTR00289,営業3部,CX-5,マツダ,CST00289
CTR00290,営業1部,ノート,日産,CST00290
CTR00291,営業2部,ステップワゴン,ホンダ,CST00291
CTR00292,営業1部,N-BOX,ホンダ,CST00292
CTR00293,営業3部,CX-5,マツダ,CST00293
CTR00294,営業1部,ノート,日産,CST00294
CTR00295,営業2部,ノート,日産,CST00295
CTR00296,営業2部,MAZDA3,マツダ,CST00296
CTR00297,営業3部,N-BOX,ホンダ,CST00297
CTR00298,営業2部,MAZDA3,マツダ,CST00298
CTR00299,営業2部,フィット,ホンダ,CST00299
CTR00300,営業1部,CX-5,マツダ,CST00300
