契約者ID,契約者氏名,契約者都道府県名,契約者市町村名,契約者電話番号,契約開始年月日,契約終了年月日
CST00001,山本 直樹,北海道,札幌市,99931081788,2023-01-21,2026-01-20
CST00002,加藤 健太,大阪府,大阪市,99941632483,2023-12-26,2026-12-25
CST00003,渡辺 花子,東京都,港区,99923953367,2023-10-21,2025-10-20
CST00004,伊藤 太郎,宮城県,仙台市,99986893497,2023-01-22,2024-01-22
CST00005,小林 太郎,北海道,札幌市,99987751354,2023-06-19,2026-06-18
CST00006,高橋 陽子,神奈川県,横浜市,99975285250,2023-11-03,2026-11-02
CST00007,伊藤 誠,大阪府,大阪市,99966972561,2023-03-30,2025-03-29
CST00008,鈴木 翔,広島県,広島市,99978574553,2023-02-22,2025-02-21
CST00009,田中 陽子,宮城県,仙台市,99998883975,2023-02-04,2025-02-03
CST00010,佐藤 直樹,東京都,港区,99936939239,2023-01-02,2025-01-01
CST00011,渡辺 美咲,福岡県,福岡市,99932335235,2023-11-06,2024-11-05
CST00012,鈴木 翔,宮城県,仙台市,99918585377,2023-07-21,2025-07-20
CST00013,田中 裕子,大阪府,大阪市,99999482491,2023-07-09,2024-07-08
CST00014,鈴木 花子,兵庫県,神戸市,99965848857,2023-08-05,2024-08-04
CST00015,小林 太郎,広島県,広島市,99987897542,2023-01-09,2024-01-09
CST00016,中村 裕子,北海道,札幌市,99958715250,2023-03-22,2026-03-21
CST00017,高橋 太郎,北海道,札幌市,99959583876,2023-08-19,2025-08-18
CST00018,小林 陽子,広島県,広島市,99961327755,2023-02-02,2026-02-01
CST00019,山本 裕子,神奈川県,川崎市,99956626914,2023-06-21,2025-06-20
CST00020,高橋 太郎,東京都,千代田区,99922722094,2023-05-11,2024-05-10
CST00021,伊藤 翔,大阪府,大阪市,99936063245,2023-12-25,2026-12-24
CST00022,小林 翔,福岡県,福岡市,99917887739,2023-06-28,2026-06-27
CST00023,山本 太郎,神奈川県,横浜市,99913331068,2023-04-06,2025-04-05
CST00024,伊藤 陽子,大阪府,大阪市,99927750764,2023-05-23,2026-05-22
CST00025,田中 陽子,北海道,札幌市,99941288562,2023-03-27,2025-03-26
CST00026,加藤 誠,神奈川県,川崎市,99991752859,2023-01-28,2025-01-27
CST00027,加藤 陽子,宮城県,仙台市,99963892568,2023-08-19,2025-08-18
CST00028,佐藤 太郎,広島県,広島市,99999583549,2023-05-01,2024-04-30
CST00029,小林 健太,大阪府,大阪市,99946102853,2023-05-17,2025-05-16
CST00030,伊藤 太郎,東京都,千代田区,99993375337,2023-06-21,2026-06-20
CST00031,渡辺 裕子,広島県,広島市,99995382256,2023-11-14,2024-11-13
CST00032,加藤 直樹,宮城県,仙台市,99917654909,2023-10-22,2025-10-21
CST00033,高橋 太郎,神奈川県,川崎市,99925421040,2023-03-22,2026-03-21
CST00034,佐藤 一郎,東京都,港区,99930560091,2023-02-23,2026-02-22
CST00035,伊藤 太郎,東京都,新宿区,99999386386,2023-05-06,2025-05-05
CST00036,伊藤 翔,愛知県,名古屋市,99978227907,2023-07-22,2026-07-21
CST00037,佐藤 美咲,兵庫県,神戸市,99916659908,2023-04-08,2025-04-07
CST00038,渡辺 太郎,広島県,広島市,99945562619,2023-07-06,2025-07-05
CST00039,高橋 直樹,宮城県,仙台市,99916404003,2023-12-12,2026-12-11
CST00040,高橋 直樹,大阪府,大阪市,99987809459,2023-05-08,2026-05-07
CST00041,鈴木 裕子,東京都,新宿区,99993494666,2023-05-31,2026-05-30
CST00042,加藤 健太,大阪府,大阪市,99926037627,2023-05-24,2025-05-23
CST00043,小林 直樹,宮城県,仙台市,99956510960,2023-01-02,2024-01-02
CST00044,伊藤 花子,北海道,札幌市,99915184502,2023-01-09,2024-01-09
CST00045,高橋 健太,東京都,千代田区,99964006163,2023-06-01,2025-05-31
CST00046,中村 太郎,兵庫県,神戸市,99940831219,2023-03-16,2024-03-15
CST00047,中村 直樹,愛知県,名古屋市,99964710375,2023-12-06,2025-12-05
CST00048,高橋 誠,東京都,千代田区,99931104792,2023-12-15,2025-12-14
CST00049,鈴木 一郎,愛知県,名古屋市,99956918818,2023-07-27,2024-07-26
CST00050,小林 直樹,東京都,新宿区,99987633091,2023-10-16,2025-10-15
CST00051,伊藤 直樹,兵庫県,神戸市,99933508102,2023-07-14,2024-07-13
CST00052,佐藤 健太,愛知県,名古屋市,99975293686,2023-01-22,2025-01-21
CST00053,渡辺 美咲,東京都,千代田区,99983214389,2023-09-21,2026-09-20
CST00054,鈴木 花子,東京都,新宿区,99971864219,2023-11-13,2026-11-12
CST00055,田中 健太,東京都,新宿区,99963059071,2023-01-17,2025-01-16
CST00056,伊藤 美咲,東京都,千代田区,99976385640,2023-02-06,2024-02-06
CST00057,佐藤 花子,東京都,千代田区,99959742523,2023-04-26,2026-04-25
CST00058,伊藤 陽子,東京都,新宿区,99928992383,2023-11-19,2025-11-18
CST00059,小林 翔,愛知県,名古屋市,99946635193,2023-11-19,2025-11-18
CST00060,中村 一郎,愛知県,名古屋市,99973981206,2023-05-07,2026-05-06
CST00061,加藤 一郎,福岡県,福岡市,99931130343,2023-10-26,2025-10-25
CST00062,山本 翔,大阪府,大阪市,99968114585,2023-12-21,2025-12-20
CST00063,小林 裕子,宮城県,仙台市,99958715257,2023-11-09,2024-11-08
CST00064,田中 太郎,兵庫県,神戸市,99972134783,2023-05-22,2026-05-21
CST00065,山本 一郎,東京都,港区,99914183839,2023-08-03,2026-08-02
CST00066,渡辺 健太,広島県,広島市,99958939582,2023-07-09,2024-07-08
CST00067,渡辺 翔,福岡県,福岡市,99911079600,2023-06-29,2025-06-28
CST00068,渡辺 美咲,北海道,札幌市,99918849851,2023-04-11,2024-04-10
CST00069,中村 花子,宮城県,仙台市,99994890726,2023-07-15,2025-07-14
CST00070,田中 健太,大阪府,大阪市,99967351079,2023-11-04,2024-11-03
CST00071,鈴木 翔,東京都,千代田区,99969855504,2023-04-30,2026-04-29
CST00072,高橋 翔,大阪府,大阪市,99913695961,2023-08-17,2025-08-16
CST00073,伊藤 陽子,広島県,広島市,99914294539,2023-05-09,2025-05-08
CST00074,加藤 太郎,東京都,港区,99987209213,2023-04-28,2024-04-27
CST00075,中村 花子,東京都,新宿区,99984583311,2023-07-08,2026-07-07
CST00076,伊藤 美咲,大阪府,大阪市,99980721474,2023-03-17,2025-03-16
CST00077,高橋 花子,愛知県,名古屋市,99971819576,2023-10-12,2025-10-11
CST00078,伊藤 太郎,神奈川県,横浜市,99991949124,2023-07-23,2025-07-22
CST00079,加藤 花子,大阪府,大阪市,99920970723,2023-10-16,2025-10-15
CST00080,伊藤 陽子,福岡県,福岡市,99960018037,2023-11-21,2025-11-20
CST00081,田中 翔,福岡県,福岡市,99923470137,2023-04-06,2024-04-05
CST00082,中村 花子,神奈川県,横浜市,99944654999,2023-12-02,2026-12-01
CST00083,鈴木 太郎,宮城県,仙台市,99958978079,2023-12-06,2025-12-05
CST00084,高橋 太郎,東京都,新宿区,99971704882,2023-04-11,2026-04-10
CST00085,佐藤 太郎,兵庫県,神戸市,99992396202,2023-02-13,2024-02-13
CST00086,鈴木 健太,東京都,港区,99947317456,2023-03-31,2024-03-30
CST00087,加藤 翔,福岡県,福岡市,99918454561,2023-04-25,2024-04-24
CST00088,山本 直樹,福岡県,福岡市,99949673332,2023-04-24,2024-04-23
CST00089,中村 直樹,広島県,広島市,99913369720,2023-06-13,2025-06-12
CST00090,伊藤 誠,兵庫県,神戸市,99967658082,2023-06-26,2026-06-25
CST00091,田中 一郎,東京都,新宿区,99987498463,2023-06-01,2026-05-31
CST00092,伊藤 太郎,大阪府,大阪市,99913741196,2023-10-06,2024-10-05
CST00093,高橋 誠,東京都,新宿区,99923217648,2023-03-03,2024-03-02
CST00094,渡辺 健太,東京都,新宿区,99956547339,2023-08-21,2026-08-20
CST00095,小林 陽子,宮城県,仙台市,99963953229,2023-08-11,2026-08-10
CST00096,加藤 花子,神奈川県,川崎市,99961371106,2023-01-25,2026-01-24
CST00097,伊藤 直樹,神奈川県,川崎市,99954362902,2023-05-24,2024-05-23
CST00098,山本 花子,福岡県,福岡市,99933614649,2023-08-11,2025-08-10
CST00099,伊藤 健太,大阪府,大阪市,99972989020,2023-08-23,2026-08-22
CST00100,鈴木 誠,福岡県,福岡市,99941665404,2023-08-18,2026-08-17
CST00101,中村 翔,広島県,広島市,99950201137,2023-10-10,2025-10-09
CST00102,鈴木 花子,神奈川県,川崎市,99972182821,2023-12-05,2024-12-04
CST00103,佐藤 美咲,神奈川県,横浜市,99987031056,2023-11-23,2024-11-22
CST00104,田中 直樹,愛知県,名古屋市,99998825083,2023-10-02,2024-10-01
CST00105,渡辺 陽子,北海道,札幌市,99910448345,2023-01-19,2026-01-18
CST00106,高橋 一郎,宮城県,仙台市,99948538877,2023-02-27,2024-02-27
CST00107,小林 陽子,東京都,新宿区,99999630668,2023-12-14,2025-12-13
CST00108,小林 太郎,広島県,広島市,99930812709,2023-04-27,2025-04-26
CST00109,加藤 花子,愛知県,名古屋市,99988998740,2023-07-22,2024-07-21
CST00110,田中 健太,東京都,千代田区,99912373139,2023-02-16,2024-02-16
CST00111,佐藤 太郎,神奈川県,川崎市,99950480309,2023-09-16,2026-09-15
CST00112,小林 翔,兵庫県,神戸市,99993845477,2023-06-05,2024-06-04
CST00113,中村 翔,宮城県,仙台市,99966987271,2023-07-05,2025-07-04
CST00114,伊藤 誠,神奈川県,横浜市,99984993343,2023-05-25,2024-05-24
CST00115,佐藤 花子,神奈川県,横浜市,99948791628,2023-08-08,2024-08-07
CST00116,高橋 美咲,東京都,港区,99954620658,2023-09-13,2024-09-12
CST00117,小林 一郎,福岡県,福岡市,99917136029,2023-08-30,2026-08-29
CST00118,伊藤 陽子,兵庫県,神戸市,99916285088,2023-03-06,2025-03-05
CST00119,佐藤 花子,福岡県,福岡市,99935301054,2023-08-05,2025-08-04
CST00120,佐藤 太郎,東京都,港区,99933930984,2023-04-09,2026-04-08
CST00121,佐藤 花子,大阪府,大阪市,99928100699,2023-07-16,2026-07-15
CST00122,伊藤 美咲,東京都,千代田区,99991550308,2023-02-22,2024-02-22
CST00123,加藤 翔,東京都,千代田区,99966024141,2023-01-01,2025-12-31
CST00124,田中 太郎,東京都,新宿区,99940061031,2023-10-15,2025-10-14
CST00125,中村 陽子,福岡県,福岡市,99997220897,2023-04-28,2026-04-27
CST00126,鈴木 太郎,愛知県,名古屋市,99917102173,2023-09-08,2024-09-07
CST00127,佐藤 陽子,神奈川県,川崎市,99971681549,2023-03-07,2026-03-06
CST00128,高橋 陽子,愛知県,名古屋市,99972468859,2023-08-14,2025-08-13
CST00129,鈴木 一郎,東京都,港区,99984062621,2023-12-01,2026-11-30
CST00130,高橋 一郎,神奈川県,横浜市,99979562616,2023-06-15,2024-06-14
CST00131,中村 陽子,福岡県,福岡市,99989945266,2023-03-22,2024-03-21
CST00132,田中 翔,兵庫県,神戸市,99991251088,2023-12-06,2024-12-05
CST00133,鈴木 美咲,神奈川県,川崎市,99925734209,2023-07-24,2025-07-23
CST00134,高橋 誠,大阪府,大阪市,99923081782,2023-12-02,2026-12-01
CST00135,渡辺 裕子,神奈川県,横浜市,99948660995,2023-07-03,2024-07-02
CST00136,高橋 健太,北海道,札幌市,99958566364,2023-06-09,2025-06-08
CST00137,加藤 健太,東京都,千代田区,99949902996,2023-01-05,2025-01-04
CST00138,加藤 美咲,神奈川県,川崎市,99985012933,2023-01-01,2024-01-01
CST00139,小林 翔,東京都,港区,99926099248,2023-03-19,2025-03-18
CST00140,小林 翔,広島県,広島市,99963237806,2023-05-01,2025-04-30
CST00141,中村 太郎,福岡県,福岡市,99925152994,2023-09-10,2026-09-09
CST00142,中村 美咲,福岡県,福岡市,99952758171,2023-03-19,2025-03-18
CST00143,加藤 裕子,東京都,千代田区,99996787694,2023-08-26,2026-08-25
CST00144,鈴木 翔,愛知県,名古屋市,99915872354,2023-01-15,2024-01-15
CST00145,山本 花子,宮城県,仙台市,99996205129,2023-02-08,2024-02-08
CST00146,佐藤 陽子,愛知県,名古屋市,99974413145,2023-05-06,2024-05-05
CST00147,佐藤 直樹,広島県,広島市,99958766345,2023-03-08,2024-03-07
CST00148,鈴木 直樹,愛知県,名古屋市,99918411883,2023-03-24,2025-03-23
CST00149,小林 花子,愛知県,名古屋市,99999838873,2023-11-16,2025-11-15
CST00150,中村 美咲,神奈川県,川崎市,99989357216,2023-05-30,2024-05-29
CST00151,渡辺 美咲,大阪府,大阪市,99991861231,2023-01-04,2025-01-03
CST00152,中村 陽子,広島県,広島市,99986165878,2023-08-31,2026-08-30
CST00153,中村 花子,神奈川県,横浜市,99988550238,2023-01-06,2025-01-05
CST00154,田中 直樹,愛知県,名古屋市,99937132021,2023-04-04,2025-04-03
CST00155,高橋 誠,東京都,港区,99926263882,2023-01-26,2026-01-25
CST00156,伊藤 美咲,福岡県,福岡市,99958014453,2023-11-20,2026-11-19
CST00157,田中 太郎,神奈川県,横浜市,99994740096,2023-03-31,2025-03-30
CST00158,渡辺 花子,北海道,札幌市,99963215075,2023-11-29,2026-11-28
CST00159,高橋 太郎,愛知県,名古屋市,99982017911,2023-01-10,2024-01-10
CST00160,山本 翔,宮城県,仙台市,99971119361,2023-01-13,2025-01-12
CST00161,田中 太郎,神奈川県,川崎市,99921643208,2023-09-30,2024-09-29
CST00162,中村 美咲,大阪府,大阪市,99966004002,2023-04-04,2026-04-03
CST00163,佐藤 花子,宮城県,仙台市,99919742257,2023-11-30,2024-11-29
CST00164,中村 誠,東京都,港区,99928161634,2023-02-04,2024-02-04
CST00165,中村 美咲,宮城県,仙台市,99911135964,2023-11-24,2026-11-23
CST00166,小林 花子,宮城県,仙台市,99941808285,2023-10-18,2024-10-17
CST00167,伊藤 花子,東京都,千代田区,99948428026,2023-03-19,2025-03-18
CST00168,田中 誠,福岡県,福岡市,99984926168,2023-10-23,2026-10-22
CST00169,中村 健太,愛知県,名古屋市,99946640608,2023-01-23,2026-01-22
CST00170,佐藤 誠,東京都,新宿区,99980790126,2023-11-05,2026-11-04
CST00171,山本 健太,愛知県,名古屋市,99920016389,2023-03-08,2026-03-07
CST00172,高橋 裕子,福岡県,福岡市,99971298111,2023-01-15,2026-01-14
CST00173,佐藤 直樹,大阪府,大阪市,99955745050,2023-06-06,2025-06-05
CST00174,小林 太郎,神奈川県,川崎市,99987859104,2023-09-11,2025-09-10
CST00175,鈴木 翔,神奈川県,川崎市,99917583354,2023-11-26,2024-11-25
CST00176,渡辺 美咲,神奈川県,横浜市,99993752812,2023-08-04,2026-08-03
CST00177,中村 花子,神奈川県,横浜市,99925043403,2023-06-22,2025-06-21
CST00178,高橋 健太,神奈川県,横浜市,99959282339,2023-10-09,2026-10-08
CST00179,伊藤 直樹,北海道,札幌市,99919451337,2023-12-26,2025-12-25
CST00180,渡辺 裕子,大阪府,大阪市,99938688729,2023-10-29,2026-10-28
CST00181,加藤 裕子,東京都,港区,99986039128,2023-04-21,2026-04-20
CST00182,田中 直樹,神奈川県,川崎市,99979790583,2023-10-20,2026-10-19
CST00183,加藤 太郎,宮城県,仙台市,99965684473,2023-02-20,2024-02-20
CST00184,中村 誠,愛知県,名古屋市,99929053322,2023-09-14,2025-09-13
CST00185,伊藤 花子,福岡県,福岡市,99972671672,2023-01-01,2025-12-31
CST00186,渡辺 陽子,東京都,千代田区,99970749710,2023-05-29,2026-05-28
CST00187,小林 花子,広島県,広島市,99987652169,2023-11-09,2024-11-08
CST00188,加藤 誠,東京都,千代田区,99945453171,2023-01-25,2025-01-24
CST00189,渡辺 一郎,大阪府,大阪市,99923757649,2023-12-13,2024-12-12
CST00190,高橋 美咲,兵庫県,神戸市,99974991256,2023-06-29,2025-06-28
CST00191,伊藤 裕子,東京都,新宿区,99990074928,2023-10-12,2026-10-11
CST00192,渡辺 翔,宮城県,仙台市,99941299028,2023-02-18,2026-02-17
CST00193,佐藤 直樹,広島県,広島市,99945966581,2023-12-08,2026-12-07
CST00194,中村 太郎,大阪府,大阪市,99917022336,2023-08-12,2024-08-11
CST00195,山本 健太,北海道,札幌市,99989594423,2023-07-30,2025-07-29
CST00196,佐藤 裕子,東京都,千代田区,99923781009,2023-09-14,2025-09-13
CST00197,高橋 一郎,東京都,港区,99923769205,2023-04-23,2025-04-22
CST00198,渡辺 健太,神奈川県,横浜市,99987462428,2023-02-24,2026-02-23
CST00199,高橋 翔,福岡県,福岡市,99991602413,2023-06-11,2024-06-10
CST00200,山本 陽子,宮城県,仙台市,99921484508,2023-01-08,2024-01-08
CST00201,小林 陽子,東京都,千代田区,99962934615,2023-09-12,2024-09-11
CST00202,中村 美咲,広島県,広島市,99990170222,2023-08-17,2026-08-16
CST00203,高橋 太郎,宮城県,仙台市,99993463150,2023-09-21,2025-09-20
CST00204,高橋 裕子,兵庫県,神戸市,99986106218,2023-06-14,2025-06-13
CST00205,伊藤 陽子,東京都,港区,99965842822,2023-11-26,2026-11-25
CST00206,佐藤 陽子,神奈川県,川崎市,99916202258,2023-02-05,2024-02-05
CST00207,鈴木 一郎,東京都,新宿区,99931232430,2023-07-16,2026-07-15
CST00208,加藤 一郎,東京都,千代田区,99922790902,2023-01-20,2024-01-20
CST00209,伊藤 美咲,広島県,広島市,99984380340,2023-12-21,2025-12-20
CST00210,渡辺 裕子,東京都,新宿区,99924072989,2023-04-30,2026-04-29
CST00211,山本 太郎,東京都,港区,99963505232,2023-01-14,2024-01-14
CST00212,中村 一郎,広島県,広島市,99943877350,2023-07-20,2025-07-19
CST00213,渡辺 直樹,福岡県,福岡市,99976268268,2023-04-08,2026-04-07
CST00214,伊藤 美咲,東京都,港区,99920971177,2023-12-22,2024-12-21
CST00215,渡辺 一郎,東京都,新宿区,99984052985,2023-03-17,2026-03-16
CST00216,伊藤 翔,愛知県,名古屋市,99961048404,2023-01-27,2024-01-27
CST00217,渡辺 裕子,東京都,港区,99939063435,2023-08-25,2024-08-24
CST00218,伊藤 陽子,福岡県,福岡市,99945055276,2023-07-09,2025-07-08
CST00219,鈴木 美咲,北海道,札幌市,99997182130,2023-06-30,2026-06-29
CST00220,加藤 花子,北海道,札幌市,99941970599,2023-01-11,2024-01-11
CST00221,山本 裕子,東京都,千代田区,99960709813,2023-04-08,2026-04-07
CST00222,中村 美咲,愛知県,名古屋市,99969365444,2023-11-08,2024-11-07
CST00223,加藤 直樹,神奈川県,横浜市,99934755666,2023-08-15,2026-08-14
CST00224,佐藤 一郎,広島県,広島市,99999817241,2023-03-14,2024-03-13
CST00225,中村 太郎,東京都,新宿区,99984842172,2023-04-14,2025-04-13
CST00226,小林 陽子,東京都,千代田区,99938356738,2023-08-17,2026-08-16
CST00227,渡辺 一郎,宮城県,仙台市,99983976082,2023-04-11,2026-04-10
CST00228,佐藤 太郎,福岡県,福岡市,99923143608,2023-11-07,2024-11-06
CST00229,中村 健太,兵庫県,神戸市,99969912158,2023-05-29,2024-05-28
CST00230,山本 花子,愛知県,名古屋市,99962534223,2023-07-17,2024-07-16
CST00231,鈴木 誠,宮城県,仙台市,99920563214,2023-02-28,2025-02-27
CST00232,小林 翔,福岡県,福岡市,99991597126,2023-10-09,2024-10-08
CST00233,渡辺 翔,大阪府,大阪市,99921579149,2023-12-01,2024-11-30
CST00234,山本 誠,東京都,千代田区,99987937327,2023-11-24,2025-11-23
CST00235,山本 一郎,神奈川県,横浜市,99913433382,2023-04-13,2024-04-12
CST00236,中村 健太,宮城県,仙台市,99962879148,2023-04-08,2026-04-07
CST00237,伊藤 裕子,福岡県,福岡市,99935841846,2023-12-30,2026-12-29
CST00238,中村 太郎,神奈川県,横浜市,99950686940,2023-07-29,2024-07-28
CST00239,加藤 一郎,大阪府,大阪市,99911020154,2023-09-04,2024-09-03
CST00240,鈴木 健太,北海道,札幌市,99950739629,2023-01-29,2025-01-28
CST00241,佐藤 花子,宮城県,仙台市,99920760888,2023-09-29,2026-09-28
CST00242,小林 翔,広島県,広島市,99974884070,2023-12-06,2024-12-05
CST00243,佐藤 太郎,東京都,千代田区,99956695565,2023-06-07,2025-06-06
CST00244,田中 一郎,神奈川県,川崎市,99956571160,2023-07-12,2024-07-11
CST00245,小林 太郎,広島県,広島市,99991242298,2023-10-20,2024-10-19
CST00246,伊藤 美咲,大阪府,大阪市,99927687991,2023-11-15,2025-11-14
CST00247,中村 一郎,広島県,広島市,99920679043,2023-02-28,2024-02-28
CST00248,渡辺 花子,東京都,千代田区,99964496748,2023-11-26,2026-11-25
CST00249,鈴木 誠,福岡県,福岡市,99933544744,2023-08-29,2025-08-28
CST00250,高橋 裕子,愛知県,名古屋市,99993836420,2023-09-18,2025-09-17
CST00251,山本 太郎,広島県,広島市,99925135763,2023-08-29,2024-08-28
CST00252,加藤 健太,東京都,港区,99946595773,2023-05-25,2026-05-24
CST00253,高橋 美咲,兵庫県,神戸市,99934586222,2023-03-30,2024-03-29
CST00254,田中 花子,東京都,港区,99995607690,2023-04-15,2026-04-14
CST00255,小林 健太,広島県,広島市,99946264673,2023-11-28,2025-11-27
CST00256,小林 裕子,広島県,広島市,99994212996,2023-08-14,2026-08-13
CST00257,渡辺 裕子,北海道,札幌市,99930057988,2023-06-25,2025-06-24
CST00258,鈴木 美咲,神奈川県,川崎市,99916155579,2023-06-25,2024-06-24
CST00259,伊藤 太郎,東京都,港区,99943957164,2023-08-12,2025-08-11
CST00260,高橋 翔,東京都,千代田区,99927434167,2023-02-09,2025-02-08
CST00261,中村 太郎,愛知県,名古屋市,99979475474,2023-12-02,2024-12-01
CST00262,小林 誠,神奈川県,川崎市,99961900771,2023-07-10,2026-07-09
CST00263,渡辺 陽子,神奈川県,川崎市,99935214698,2023-02-14,2025-02-13
CST00264,小林 健太,大阪府,大阪市,99932098345,2023-06-09,2026-06-08
CST00265,伊藤 陽子,東京都,港区,99933480675,2023-09-15,2025-09-14
CST00266,山本 一郎,北海道,札幌市,99963412976,2023-08-21,2024-08-20
CST00267,中村 一郎,宮城県,仙台市,99948965695,2023-12-10,2024-12-09
CST00268,高橋 美咲,東京都,千代田区,99957364509,2023-03-15,2024-03-14
CST00269,鈴木 花子,愛知県,名古屋市,99985176851,2023-12-18,2025-12-17
CST00270,田中 太郎,宮城県,仙台市,99930833173,2023-07-12,2025-07-11
CST00271,加藤 裕子,北海道,札幌市,99947214417,2023-11-02,2025-11-01
CST00272,田中 健太,神奈川県,横浜市,99945490172,2023-01-07,2024-01-07
CST00273,佐藤 美咲,東京都,千代田区,99920774986,2023-02-27,2026-02-26
CST00274,加藤 一郎,東京都,港区,99939221379,2023-04-09,2024-04-08
CST00275,小林 陽子,大阪府,大阪市,99967641756,2023-06-06,2026-06-05
CST00276,田中 一郎,神奈川県,横浜市,99937209162,2023-01-27,2026-01-26
CST00277,佐藤 裕子,宮城県,仙台市,99963773276,2023-01-21,2026-01-20
CST00278,伊藤 直樹,愛知県,名古屋市,99953353746,2023-09-14,2025-09-13
CST00279,渡辺 一郎,東京都,千代田区,99911074961,2023-09-28,2026-09-27
CST00280,中村 誠,東京都,新宿区,99999858638,2023-01-27,2025-01-26
CST00281,鈴木 直樹,大阪府,大阪市,99915241218,2023-12-15,2024-12-14
CST00282,中村 翔,東京都,千代田区,99975658413,2023-01-15,2024-01-15
CST00283,山本 太郎,宮城県,仙台市,99965940773,2023-11-15,2025-11-14
CST00284,渡辺 花子,神奈川県,川崎市,99980047063,2023-03-13,2026-03-12
CST00285,佐藤 裕子,神奈川県,川崎市,99952721553,2023-11-16,2025-11-15
CST00286,渡辺 誠,東京都,新宿区,99975062907,2023-04-12,2024-04-11
CST00287,中村 美咲,東京都,千代田区,99958018519,2023-02-10,2024-02-10
CST00288,小林 美咲,愛知県,名古屋市,99974274067,2023-06-10,2025-06-09
CST00289,中村 一郎,宮城県,仙台市,99952590048,2023-01-02,2024-01-02
CST00290,佐藤 誠,東京都,新宿区,99961599948,2023-04-26,2025-04-25
CST00291,渡辺 陽子,東京都,港区,99947436581,2023-12-25,2025-12-24
CST00292,加藤 一郎,東京都,港区,99952664041,2023-11-01,2026-10-31
CST00293,高橋 美咲,広島県,広島市,99998997222,2023-08-11,2024-08-10
CST00294,鈴木 裕子,兵庫県,神戸市,99911308507,2023-11-14,2025-11-13
CST00295,山本 直樹,神奈川県,横浜市,99926002437,2023-11-10,2025-11-09
CST00296,加藤 健太,広島県,広島市,99943283771,2023-12-28,2025-12-27
CST00297,鈴木 美咲,宮城県,仙台市,99924150540,2023-01-25,2024-01-25
CST00298,高橋 翔,東京都,千代田区,99940559798,2023-08-26,2024-08-25
CST00299,中村 陽子,神奈川県,川崎市,99920556086,2023-10-15,2026-10-14
CST00300,鈴木 美咲,東京都,港区,99951681557,2023-02-06,2024-02-06
